{"cameraMode":{"drawMode":0,"name":"Shaded","section":"Shading Mode"},"sceneLighting":false,"audioPlay":false,"sceneViewState":{"showFog":true,"showMaterialUpdate":false,"showSkybox":false,"showFlares":true,"showImageEffects":true,"showParticleSystems":true},"in2DMode":false,"pivot":{"x":-20.57708740234375,"y":1.641817331314087,"z":-13.15463924407959},"rotation":{"x":0.1281299889087677,"y":0.12373296171426773,"z":-0.01612214930355549,"w":0.9838945865631104},"size":2.3434176445007326,"orthographic":true}