{"cameraMode":{"drawMode":0,"name":"Shaded","section":"Shading Mode"},"sceneLighting":false,"audioPlay":false,"sceneViewState":{"showFog":true,"showMaterialUpdate":false,"showSkybox":false,"showFlares":true,"showImageEffects":true,"showParticleSystems":true},"in2DMode":false,"pivot":{"x":5.719999313354492,"y":2.930000066757202,"z":0.39915531873703005},"rotation":{"x":0.1281299889087677,"y":0.12373296171426773,"z":-0.01612214930355549,"w":0.9838945865631104},"size":2.6081602573394777,"orthographic":true}