{"cameraMode":{"drawMode":0,"name":"Shaded","section":"Shading Mode"},"sceneLighting":true,"audioPlay":false,"sceneViewState":{"showFog":true,"showMaterialUpdate":false,"showSkybox":true,"showFlares":true,"showImageEffects":true,"showParticleSystems":true},"in2DMode":false,"pivot":{"x":2.0781259536743166,"y":5.282244682312012,"z":-5.8512091636657719},"rotation":{"x":0.03291121497750282,"y":0.8835426568984985,"z":-0.0628458708524704,"w":0.4630104899406433},"size":6.184430122375488,"orthographic":true}